name,age
Jamie Walsh,35
Tanya Hanson,64
Hunter Knight,35
Kathryn Butler,77
Stacy Everett,62
Abigail Bell,69
Seth Phelps,38
Kaitlyn Perez,47
Mark Davidson,61
Amy Sullivan,38
Chelsey Anderson,72
Tracy Perez,76
Gabriel Foley,39
Gail Ramos,55
Cynthia Martin,70
Andrea Hardy,70
Tyler Alvarez,32
Alisha Parsons,58
Tammy Graham,71
Nicholas Anderson,33
Sara Jones MD,29
Stephanie Spencer,56
Morgan Bailey,68
Terri Nelson,35
Valerie Orr,73
Billy James,45
Michael Reyes,66
William Robinson,32
Christopher Beard,22
Lindsey Brown,32
Gary Fernandez,74
Melissa Moore,68
Mary Stephenson,63
Jessica Randall DDS,56
Eric Santiago,25
Mrs. Laura Bryant,23
Glenda Rice,47
Eric Evans,57
Katherine Webb,28
Stacey Stewart,38
Nicholas West,66
Kevin Maldonado,33
Andrea Mullen,63
Dorothy Morris,54
Clarence Jones,43
Robert Herrera,53
Natalie Jackson,64
Austin Contreras,28
Kristi Jackson,79
Heather Beasley,35
Jasmine Cole,32
Ashley Ramos,51
Krystal Snyder,62
Albert Griffith,42
Christian Serrano,36
Kayla Moore,34
Stephanie Elliott,76
Ivan Wise,80
Chad Thompson,43
Sarah Pearson,18
Emily Moore,34
Kathryn Lopez,30
Tasha Ross,23
Matthew Oconnor,75
Melanie Griffin,26
Zachary Khan,56
Fernando Watson,47
Brandy Lopez,66
Isabel Morales,45
Kevin Lambert,34
Dawn Haley,32
Joshua Bauer,77
Michele Harmon,78
Stacy Colon,30
Scott Brown,34
Michael Munoz,33
Bryan Leach,55
Leonard Simpson,75
Terrance House,73
Cassidy Cook,50
Amy Allen,77
Carrie Smith,44
Michael Bates,44
Adam Ingram,75
Brian Prince,45
Phillip Woods,29
Larry Spears,34
Tim Baker,37
Sean Williams,41
Heather Hall,70
Randall Palmer,44
John Wise,76
Alyssa Phillips,43
Dr. Richard Taylor,71
Erica Smith,33
Laura Garcia,32
Daniel Kelly,31
Zachary Schultz,47
Ryan Jones,76
Jessica Watkins,34
Mitchell Jenkins,59
Gregory Wells,62
Brian Taylor,80
Gregory Warren,74
Catherine Adams,71
Jamie Villegas,68
Melanie Barber,27
Katie Everett,44
Chad Valdez,72
Sandra Rogers,38
Brian Rocha,22
Shelia Salazar,46
Anthony Porter,25
Christopher Booth,58
Todd Hahn,39
Eric Sanders,20
Ashley Bryan,49
Kyle Kennedy,77
Miguel Little,21
Stephanie Martinez,71
Barry Smith,28
Sharon Vasquez,59
Jonathon Carter,33
Edward Williamson,21
Jaime Case,74
George Martinez,73
Nancy Glenn,30
Robert Strong,73
Sydney Fry,33
Douglas Ford,33
Andrea Farmer,39
Brandi Hill,35
Barbara Castro,49
David Warner,66
Gregory Turner,24
Jane Turner,72
Bethany Lynch,66
Kristina Poole,27
James Meza,68
Jennifer Adams,22
Joshua Brewer,40
Judy Smith,32
Miguel Johnson,57
Rachel Sullivan,18
Elijah Dyer,56
Jeffrey Hernandez,22
Mary Lee,54
Michelle Martinez,54
Troy Nelson,41
Christopher Burgess,36
Amanda Gibson,38
John Lee,48
Dylan Stevens MD,79
Angela Day,39
Melanie Turner,78
John Stanley,71
Jennifer Ortiz,20
Christopher Robinson,60
Dylan Smith,68
Amy Dixon,70
Scott Walker,26
Michael Benson,76
Anna Harris,62
Larry Chambers,37
Joshua Harrell,34
Kelly Morris,71
Glenda Hanson MD,33
Wayne Lambert,67
Mr. Jonathan Abbott,41
Lauren Martin,72
Jennifer Shaw,36
Randy Reyes,21
Victoria Cruz,65
Adam Brewer,38
William Strickland,48
Andrea Osborn,80
Nicholas Smith,67
Wayne Patterson,67
Sarah Gutierrez,60
Michael Sanchez,19
Mary Miranda,58
Jacob Taylor,49
Krystal Gibbs,77
Ryan Prince,24
Rachel Shaw,53
Walter Bentley,48
Cristina Smith,68
Angelica Quinn,71
Derrick Turner,18
Barbara Young,41
Ryan Garcia,35
Michael Bailey,18
Karen Taylor,43
Katherine Higgins,57
Kim Davidson,35
Emily Gonzalez,63
Lori Sullivan,48
Brittany King,40
Charles Smith,29
Crystal Johnson,52
Jennifer Spears,45
Tammy Davis,46
Jason Williams,49
Ashley Hall,72
Lisa Parker,78
Heather Estes DDS,77
Karen Bennett,26
Tara Gay,66
Dawn Wilkinson,41
Carolyn Smith,61
John Nash,51
Sharon Howard,19
Joe Morales,57
Gary Williams,67
Mr. Brian Russell,62
Michael Moore,74
Joseph Norris,24
Brian Middleton,33
Robin Perez PhD,62
Mary James,18
Jason Hall,69
Heidi Mcintyre,65
Lindsay Knapp,71
Mark West,18
Thomas Davis,32
David Johnson,27
Tim Castaneda,64
Edward Russell,76
Tanya Erickson,67
Kayla Thompson,24
Cassandra Wolf DDS,61
Carlos Burnett,20
Raymond Ortega,61
Thomas Trevino,25
Kyle Wright,59
Jennifer Collins,66
William Hughes,72
Sarah Wagner,35
Debra Wyatt,75
Carly Wallace,47
Stephanie Carter,33
Linda Armstrong,57
Dwayne King,62
Ryan Nguyen,75
Kenneth Phillips,42
Rose Hartman,54
Christopher Chase,44
Jennifer Patterson,62
Katherine Perez,30
Alexis Haynes,49
Jasmine Hall,53
Philip Cherry,28
Barbara Duke,39
Laura Salas,76
Lucas Robinson,18
Deborah Barron,50
Nathan King,28
Dr. Brandy Mendoza DDS,29
Jared Lewis,47
Nichole Rangel,58
Teresa Bernard,79
Chelsea Bentley,80
Sandra Payne,78
Brian Schmidt,47
David Obrien,48
Kaitlin Flores,52
Alexandra Gonzalez,61
Timothy Wilcox,22
Tracy Johnson,50
Whitney Hall,57
Melissa Ruiz,25
Stacy Nelson,79
Stephen Williams,21
Rhonda Hayes,68
Brenda Singleton,65
Taylor Rios,34
Nicholas Thompson,31
Ryan Mann,22
Roy Ingram,70
Mrs. Julie Perez MD,56
Dustin Peters,30
Paul Allen,56
Jeremy Olson,72
Vanessa Clark,31
Kristina Burns,40
Francisco Kennedy,36
Dalton Carpenter,32
Andrea Clark,22
Christopher Schaefer,56
Mrs. Ann Espinoza,31
Gregory Foster,21
Jeffery Robles,48
Daniel Smith,48
Jason White,28
Cheryl Carter,29
Stephen Phillips,71
Erin Huber,20
Anthony Clay,52
Jillian Gonzalez,53
Mrs. Jane Fisher,46
Hannah Vasquez,25
Rachel Stewart,69
Richard Taylor,65
Christopher Murphy,25
Lauren Archer,25
Nicole Martinez,44
Maria Olson,74
Scott Brown,65
Maria Price,18
Nicholas Stevens,66
Samuel Shannon,32
Christopher Heath,43
Michael Ward,61
Kristopher Nguyen,36
Jamie Hall,66
Brian Simpson,24
Gary Williamson,54
Anna Suarez,54
Steven Diaz,27
Emma Morton,21
Tara Cuevas,69
Andres Miller,80
Kimberly Cole,61
Kristin Torres,47
Barbara Molina,37
Brian Sharp,26
Chelsea Frazier,54
David Bishop,70
Kevin Simmons,63
Nicole Reyes,36
Holly Jones,36
Brandon George,18
Misty Burton,27
Mark Harris,67
Erin Pham,54
Gloria Chavez,56
Jeffrey Hernandez,58
Sarah Zavala,32
Amy Johnson,18
Loretta Schneider,22
Danielle Smith,76
Mr. Juan Stewart,20
Jeff Meyers,61
Lisa Wilson,59
Sandra Harrison,48
Sheila Phelps,37
Ashley Weiss,48
Manuel Snow,78
Jessica Mann,34
Christina Solis,41
Mariah Jones,40
Nicole Bell,25
Tony Terrell,53
David Burton,25
Janet Kim,41
Eric Carter,28
Tracy Baker,55
Jacob Chavez,19
Jennifer Carey DVM,76
Peter Heath,40
Benjamin Wolf,77
Cynthia Morse,40
Sarah Jones,66
Mr. Stephen Miles V,62
Chloe Hughes,52
Richard Reeves,48
Shannon Grant,64
Ryan Edwards,22
Trevor Rivera,48
Evelyn Waller,64
Melissa Blackwell,23
Jose Thompson,76
Sandra Mckay,31
Jonathan Nguyen,57
Alexandria Diaz,45
Scott Martin,55
Stephanie Armstrong,50
Jerry Haynes,38
Spencer Haney,25
Desiree Goodwin,28
Jeffrey Brennan,79
Autumn Austin,33
Todd Burgess,74
Thomas West,42
Courtney Parker,33
Daniel Carpenter,72
John Hill,55
Matthew Cabrera,23
Kimberly Chandler,33
Matthew Simmons,39
Randall Frye,26
Tina Short,27
Felicia Sherman,31
Sarah Kennedy,22
Jacob Williams,66
David Morris Jr.,64
James Perkins,70
Lisa Stephenson,22
Christy Ramirez,27
Leslie Robinson,73
Kelsey Clayton,71
Kendra Delgado,69
Trevor Garcia,26
Christian Pitts,45
Brenda Mckay,68
Steven Cook,21
Michael Ochoa,40
Christina Shelton,65
Robert Lopez,48
Sheila Lee,56
Patricia Osborn,62
Julie Adams,76
Timothy Bennett,70
Joe Howell,45
Jessica Stout,77
John Cooper,43
Charles Walter,20
William Lane,69
Antonio Flowers,43
Jacqueline Smith,42
Cameron Spencer,18
Robert Roberts,66
Charles Hudson,26
Timothy Ryan,35
James Bates,51
Jeremiah Hensley,63
Bobby Stewart DDS,53
Teresa Gonzalez,52
Rachel Fisher,45
Michael Tran,18
Ashley Jones,48
David Richards,26
Emily Mccarthy,77
Roger Hahn,60
Tyler White,57
Melissa Walker,54
Annette Mays,72
Ronald Bryan,35
David King,78
Crystal Savage,42
Sara Weber,60
Joshua Morrison,25
Margaret Williamson,18
Anita Cardenas,35
Megan Walters,45
Gregory Morrow,23
Nancy Smith,60
Aaron Thompson,41
Peter Barnett,62
Joseph Rice,27
Diamond Fisher,42
Randy Lewis,35
Joseph Villegas,22
Brian Holt,24
Kathleen Sellers,68
Sandra Davidson,36
Robert Mueller,37
George Williams,69
Justin Rogers,20
Richard Rivas,60
Michael Dean,72
Aaron Wilkerson,48
Brenda Castro,62
Christine Johns,72
Taylor Sherman,30
Mary Perez,54
Shelby Wilson,39
Hannah Garrison,47
Michael Williams,41
Lisa Anderson,56
Renee Herman MD,20
Cameron Reynolds,69
Ronald Perez,22
Kyle Williams,54
Tommy Flynn,41
Adam Carter,56
Brian Salazar,48
Cheryl Duran,29
Jennifer Lopez,26
Lori Ray,39
Gregory Brown,46
Michelle Contreras,20
Roger Cook,49
Monica Harris,57
Janet Daniel,63
Julie Smith,53
Michael Quinn,60
Kelly Owen,21
Austin Campbell,45
James Sharp,23
Antonio Wagner,42
Amy Ford,20
Michelle Lam DVM,48
Dennis Figueroa,57
Mr. David Green DVM,62
Shelly Johnson,79
Linda Edwards,23
Tracy Martin,80
Christian Barnes,68
Mary Davis,61
Rodney Rivera,64
Laura Galloway,72
Christina Wood MD,66
Dylan Williams,51
Dustin Harrison,41
Renee Washington,37
Brian Young,23
Lauren Freeman,68
Mario Nichols,34
Tiffany Shaffer,60
Emily Shaw,53
James Williams,78
Angel Young,26
Matthew Swanson,58
Steven Dixon,43
Raven Erickson,29
Wendy Barnes,48
Mary Ward,62
Samantha Donaldson,66
Thomas Kelly,20
Mrs. Samantha Mcmillan,53
Danielle Kemp,63
Alexis Long,54
Toni Williams,18
Cathy Arellano,25
Jennifer Guerrero,74
Marcia Martinez,71
Michael Watson,62
Veronica Wilson,37
Mr. Dominic Walker II,75
Laura Taylor,60
Larry Long,26
Susan Dunn,49
Kelly Castillo,49
Stacey Thompson,75
Dawn Nelson,36
Charles Mccarty,67
Matthew Hunter,36
Jessica Mcdaniel,39
Daniel Lopez,51
Beverly Tyler,56
Sierra Meadows,43
Jamie Webb,33
April Davis,25
Amanda Price,58
Nicole Fuller,68
Jamie Parker,22
Kimberly Barnes,31
Victoria Taylor,30
Michael Todd,42
Carlos Herman,41
Judith Hill,69
Brandon Chavez,35
Erik Perez,25
Nathan Miller,38
Miss Tracey Lawson,46
Thomas Lawrence,18
Nancy Foster,22
Elizabeth Brown,29
Kristi Taylor,63
Suzanne Jones,30
Donna Browning,54
Christopher Christensen,40
Jimmy Foster,64
Jeffrey Martinez,21
Donald Woods,77
Dr. Kathleen Moore,32
Bradley White,41
David Coffey,64
Karl Gillespie,73
Robert Leonard,69
Evan Mccormick,35
Hector Miller,50
Joel Herrera,28
William Reeves,43
Samantha Cuevas,33
Susan Smith,24
Pamela Fowler,70
Cindy Reed,69
Kimberly Johnson,35
Gerald Blevins,44
Chloe Fox,77
Ashley Love,24
Sherri Wolfe,54
Aaron Stephens,37
Amy York,22
Matthew Browning,35
Ralph Holden,63
Randy Holloway,45
Dawn Green,40
Amy Anderson,27
Audrey Garcia,73
Ashley Wilson,29
Stephanie Peters,76
Joshua Carr,54
Thomas Hayes,79
Michael Taylor,55
Mary Pierce,46
Courtney Schwartz,31
Lisa Peterson,25
Mr. Robert Garcia DDS,60
Carrie Francis,39
Joseph Brewer,24
Colleen Reed,55
Stacey Suarez DDS,27
Erin Armstrong,34
Victoria Arnold,48
Brittany Thompson,22
Jose Wilson,50
Anna Silva,69
John Johnson,22
Ashley Nunez,58
Alex Marshall,47
Edward Bennett MD,48
Michael Morton,74
Stephanie Zhang,37
Donald Booker,35
Samantha Smith,57
Angel Johnson,73
Kaitlyn Watts,35
Jodi Calderon,61
Kristina Pennington,30
Crystal Jefferson,45
Kevin Williams,43
Alexander Pacheco,54
Shelly Goodman,36
Craig Burns,66
Erin Roman,35
Robert Brooks,20
Anthony Bradley,28
Jessica Campbell,78
Alex Mckenzie,49
Chris Ray,80
Rhonda Lozano,25
Patrick Carr,78
Kayla Velez,66
Timothy Oconnor,35
Thomas Mejia,18
Stephen Li,37
Megan Simmons,63
Rebecca Schaefer,32
Alejandro Wright,57
Olivia Jackson,52
Nicholas Short,18
Julie Dean,19
Miss Vanessa Scott,43
Beth Graham,61
Martha Mcpherson,45
Roy Fuller,64
Kirsten Branch,44
Jonathan Shaw,31
Mary Sloan,25
Rebecca Sanchez,68
Sarah Morales,35
Beth Ruiz,53
Charles Brown,57
Jill Jones,44
Johnny Lee,66
Elizabeth Hunter,58
Ronald Garcia,68
Kyle Hogan,34
Gina Nelson,75
Jerome Richardson,18
Gabriel Hudson,71
Eric Mendez,80
Mr. Oscar Clark DDS,43
Lori Bishop,53
Alan Gibson,35
Jeffery Walters,79
Dr. Jessica Newman,27
Claudia Gonzalez,46
Lisa Mcknight DDS,19
Kevin Davis,18
Amy Bender,64
Ralph Buckley,33
Christine Sawyer,38
Julia Calhoun,73
Tanner Brennan,40
Amy Kramer,20
Julia Rodriguez,55
Connie Collins,69
Daniel Salazar,25
Jill Daniel,42
Robert Harris,46
Jason Clark,26
Keith Best,53
Gina King,44
Christopher Lopez,58
Brittany Wright,54
John Hall,58
Roberto Turner,28
Amber Zuniga,30
Dave Smith,47
Cindy Kelly,59
Victor Mccoy,54
Yolanda Jordan,59
Mark Simpson,27
Donald Miller,19
Patricia Daniels,22
Debra Tate,38
Katherine Hunter,57
Rebecca Jensen,42
Robert Young,41
Katherine Austin,39
Tammy Anderson,70
John Waters,72
Cesar Rodriguez,74
Carl Orr,55
Joseph Nguyen,50
William Brown,34
Michelle Woods,49
Sergio Dudley,67
Ethan Ortiz,38
James Potter,41
Paul Garcia,66
Anthony Schwartz,38
Aaron Reid,20
Theresa Weaver,32
Donald Brown,42
John Barton,34
Cynthia Sloan,20
Gregg Johns,56
Manuel Fisher,41
Nicole Miller,23
Anthony Gonzalez,75
Jenna Johnson,68
Jillian Carrillo,49
Amy Mccarthy,60
Morgan Harrison,47
Brenda Fuentes,52
Mary Gutierrez,60
Edward Carroll,39
Brian Dawson,19
Barbara Gallagher MD,53
Kathleen Pace,66
Amy Russell,57
David Mathews,38
Samuel Meyers,25
Dr. Carol Nelson,72
Courtney Klein,79
Robin Hull,46
Judith Johnson,57
Travis Dunn,54
Scott Anderson,79
Ronald Edwards,64
Paul Grimes,67
John Grant,64
Brian Herrera,25
Rachel Decker,21
Lindsay Miller,38
Diane Cortez,49
Thomas Ramirez,25
Linda Edwards,31
Lydia Fry,40
Jennifer Jones,23
Thomas Scott,45
James Santiago DDS,78
Brian Rivers,49
Megan Green,50
Bonnie Hancock,54
Karen Martin,70
Daniel Thompson,74
Rodney Villegas,63
Donna Chambers,33
Rachel Anderson,36
Sherry Williamson,57
Stacey Gomez,35
William Mcintyre,31
Traci Finley,63
Angela Graham,58
Kirsten Rice,31
Erik Thompson,62
Andrea Howard,47
Harry Wong,76
Daniel Black,78
Johnny Nielsen,39
Dawn Ortiz,18
Jose Phillips,41
Tonya Fitzgerald,53
George Rasmussen,48
Ronnie Phillips,71
Levi Ellis,64
Leah Diaz,36
Linda Thomas,62
Christine Parks,32
Allison Sullivan,62
Alison Shelton,55
Olivia Taylor,63
Noah Woodard,18
Eric Miller,26
Danielle Bryant,59
Michelle Ibarra,39
Elijah Drake,59
Jessica Orr,46
Teresa Hartman,40
Terri Castaneda,36
Zachary Rodriguez,57
Michael Collins,49
Rachel Bolton,64
Susan Guzman,67
Mary Morgan,19
Dennis Smith,50
Ricky Winters,71
Marc Skinner,20
Patrick Harris,46
Michael Holt,68
Leslie Williams,42
Richard Williams,35
Reginald White,79
William Collins,44
Robert Benitez,63
Theresa Romero,49
Kevin Yates,47
Derek Scott,72
Scott Miles,30
Alexander Smith,33
Jennifer Gordon,72
Maria Valencia,38
Michelle Myers,50
Jodi Campbell,60
Shannon Barnett,40
Miss Lauren Tyler,24
Colton Holden,27
Dylan Riddle,25
Maria Rios,45
Kathleen Moore,22
Daryl Hicks,35
Kristina Wilson,41
Kyle Anderson,37
Andrew Jones,18
Mr. Steven Richardson,29
Christina Kirby,28
Mr. Victor Krueger MD,38
Ryan Cook,23
Stephanie Bailey,61
Mark Ryan,69
Mary Barton,78
Susan Walker,79
Jason Foster,55
Richard Mitchell,49
Andrew Hopkins,46
Joseph Castillo,54
Patrick Smith,34
Elizabeth Cole,31
Joseph Thomas,54
Adam Rodriguez,29
Erika Hamilton,40
Luis Morales,25
Angel Mejia,66
Karen Green,45
Theresa Peters,66
Shannon Lawson,51
Veronica Myers,27
Lauren Robinson,18
William Romero,22
Monica Watson,52
Matthew Johnston,36
Melissa Miller,25
Chad Contreras,58
Leslie Perez,27
Lisa Rivera,50
Dustin Horn,54
Amanda Fuller,58
Nancy Kim,23
Steve Lyons,65
Jennifer Gray,64
Kara Winters,62
Sean Santana,18
Kathleen Duran,73
Curtis Gonzalez,72
Shane Moon,79
Steve Miller,51
Charles James,67
Sandra Nelson,25
Jennifer Lang,57
Tammy Ho,69
Amanda Mcdowell,67
Alexander Watson,44
Joseph Pacheco,40
Curtis Stephenson,78
Laura Johnston,22
Jamie Cortez,69
Brittney Dunn MD,47
Jonathan Hicks,63
Diane Carter,67
Jason Watts,64
Alexandra Phillips,49
James Edwards,71
Diana Black,39
Robert Zuniga,22
Erin Burke,61
Angel Blake,66
Crystal Phillips,33
Kayla Carpenter,36
Cynthia Hernandez,31
Carolyn Gordon,72
Dustin Simpson,30
Michele Jackson,48
Shane Mitchell,43
Bobby Cummings,56
Paula Coleman,31
Mark Riggs,59
Dylan Clark,53
John Padilla,58
Elizabeth Mercado,44
Amber Reyes,45
Kimberly Morales,53
Steven Harper,23
Kenneth Davidson,41
Nicholas Brown,19
James Brown,20
David Mclaughlin,20
Allison Dixon,42
Rachel Torres,53
Jeffrey Griffith,40
Joshua Caldwell,60
Linda Jackson,42
Crystal Acosta,30
Rachel Baker,23
Susan Duffy,77
Jasmine Roy,73
Diane Garrett,36
Eric Vargas,56
Dawn Cooper,76
Tanya Barnes,62
Nicholas Cruz,27
Kayla Oconnor,76
Christopher Mitchell,45
Rick Powers,38
Kimberly Singleton,47
Virginia Velazquez,47
Andre Leonard,38
Haley Johnson,68
Lauren Aguirre,48
Michael Morton,21
Michael Ramirez,39
Nathan Edwards,19
Melinda Hall,49
Gregory Griffin MD,39
Sharon Hansen,64
Brian Webb,73
Christina Wilson,53
Joshua Conner,53
Jeffrey Terry,43
Bradley Hoover,31
Christopher Johnston,25
Melissa Martin,64
Larry Villegas,34
Shane Herman,61
Anne Saunders,28
Stephen Wilson,24
Michael Kaufman,76
Matthew Carney,64
Sara Cruz,37
Sheila Navarro,48
Shelly Phillips,61
Sarah Smith,48
Johnny Gardner,79
Frank Martin,62
Ryan Ford PhD,32
Jason Ford,32
Randy Terry DDS,24
Linda Oliver,28
Stephanie Rogers,50
Vanessa Cruz,24
Gerald Fox,43
Hector Proctor,33
Richard Adams,76
Steven Taylor,23
Patrick Bradshaw,77
Vanessa Stafford,27
Mikayla Carlson,71
Alex Greer,67
James Snyder,28
Jacob Mitchell,60
Thomas Hawkins,18
Ashley Estrada,31
Carolyn Charles,65
April Potter,31
Tammy Dickerson,80
Jason Moss,49
Danielle Oconnell,28
Jeremy Peterson,31
James Young,18
Thomas Smith,74
Amy Rice MD,23
Kristen Hodges,47
Sabrina Lewis,63
Brandon Jordan,56
Linda Farmer,39
Anthony Collins,32
Chad Meyers,59
Sandra Roberson,63
Scott Johnson,54
Maria Taylor,80
Jared Hood,63
Elizabeth Mitchell,72
Bryce Li,35
Sheri Johnson,45
Mary Marshall,52
